title,content_id
가림상회,2820640
가야산(서산),125822
가의도,125848
가제산,3034222
가파마을,128418
각원사,125885
간곡서원,1956297
간월도 어리굴젓 기념탑,129181
간월도마을,129045
간월암(서산),125880
간월호 쉼터공원,2750389
갈두천권역마을,2629105
갈목해변,2750364
갈음이해수욕장,127311
갑사,125891
갑사계곡,125833
강경 구 연수당 건재 약방,946216
강경 옥녀봉,1182200
강경 중앙초등학교 강당,946451
강경근대거리,2650372
강경미내다리,1627011
강경역사관,946844
강경역사문화안내소(구 강경노동조합),946712
강당골 산촌체험관,801339
강당골계곡,125831
강댕이 미륵불,129132
개덕사,2753929
개목항,2732510
개삼터·개삼각,126812
개심사 가는 길,3080121
개심사(서산),125908
개태사(논산),125899
개화예술공원,129439
거북이마을,128256
거전마을 [농촌체험],128396
검계서원,1956299
결성동헌,1627302
결성향교,1627251
계룡 사계고택,1937772
계룡 입암저수지,2654766
계룡산국립공원,125817
계룡산도예촌,126725
계룡산상신농촌체험휴양마을,1938262
계룡산신도내주초석석재,1114077
계백장군 유적지,525648
계절상품 시리즈(주식회사 생산소),2777931
고경명선생비,126879
고남 저수지,3045925
고대도,127320
고대지구근린공원,2736668
고란사(고란약수),125881
고란사유람선,128945
고령박씨종중재실,250303
고로서원,1956304
고마나루,2035859
고북제,2771911
고산사(홍성),125901
고용산(고룡산),2758465
고운식물원,127852
고파도,126706
곡교천 은행나무길,2606725
골정 저수지,3035208
곰나루국민관광단지,2756160
공리저수지,2771931
공산성 광복루,3038480
공산성 쌍수정,3038487
공산성연지,2916020
공주 갑사 철당간,129557
공주 계룡산 중악단,127239
공주 공산성 [유네스코 세계유산],125949
공주 무령왕릉과 왕릉원[유네스코 세계유산],126681
공주 반죽동당간지주,231954
공주 산림휴양마을,2524982
공주 석장리 유적,127237
공주 우금치 전적,128113
공주 원골마을,129345
공주 정지산 유적,250257
공주 중동성당,2613461
공주 환경성 건강 센터,3038543
공주 황새바위 순교성지,127240
공주상신리 당간지주,126990
공주서혈사지,231955
공주제일교회,2613458
공주치즈스쿨,1859903
공주향교,1954463
관북리유적과 부소산성 [유네스코 세계유산],125988
관음사석탑,129665
관촉사(논산),125905
광경사지 석불좌상,3081014
광덕사(천안),127233
광덕산,127200
광덕산 관광농원,126760
광덕산(아산),128128
광시한우거리,1936453
광천 오서산 벚꽃길,2784665
광천생활체육공원,3065232
광천토굴새우젓단지,1938123
구 강경공립상업고등학교 관사,946549
구 강경성결교회 예배당,946272
구 선교사가옥,2613459
구도 범머리길,3045988
구도선착장,2750421
구드래나루터선착장,2728537
구드래조각공원,126699
구례포해수욕장,127292
구름포해수욕장,128892
구매항,2762856
구절암(홍성),298096
국립 망향의 동산,126000
국립 오서산자연휴양림,129644
국립 용현자연휴양림,407210
국립 희리산해송자연휴양림,126965
국립생태원(서천),1922640
국립생태원에코리움,3036904
국립예산치유의숲,2987390
군창지,800012
군헌갯벌체험장,2750932
궁리포구,1937784
권율장군 이치대첩비,126876
권충민공순절비,790307
귀암사,126881
그림같은 수목원(그림이 있는 정원),128958
금강 농바우마을 [농촌전통테마마을],802905
금강 문화관,2470482
금강2경 도보여행길,2782213
금강3공구야생초화원,3082741
금강생태공원(서천생태공원),2750340
금강신관공원,2756156
금강아트센터,2613456
금강암(보령),298104
금강온천,127850
금강하구 철새도래지 (서천),2782219
금강하구둑 관광지,2945279
금강하굿둑놀이동산,2752019
금곡서원,1956306
금산 대원정사,128014
금산 바리실마을,128391
금산 백령성,126866
금산 천내리 용호석,126865
금산 천내리/용화리 고인돌,126885
금산 충렬사,126871
금산 칠백의총,125957
금산산림문화타운 (남이자연휴양림),125431
금산생태숲,1928696
금산인삼관,2470404
금산지구별그림책마을,3037220
금산향교,126868
금학생태공원,2770295
기러기공원,2753937
기범이네국수,2996127
기산저수지,2753914
기지포해수욕장,128903
김공 휘 유경 효자문·김공 휘 홍익 충신문,129133
김좌진장군 사당,3083642
김좌진장군동상,3062393
김좌진장군묘,129635
김좌진장군생가지,125932
꽃게다리,2032165
꽃이 머무는 자리,2821554
꽃지해수욕장,126695
꽃지해안공원,129600
꾸지나무골해수욕장,1532338
나래공원,2750470
나태주 골목길,2751166
낙화암,127794
난지섬해수욕장,125849
남당 노을 전망대,3065226
남당리 행복마을,129348
남당항,228856
남당항 해양분수공원,3345823
남당항어촌마을,129054
남면 벚꽃길,3067935
남연군의 묘,125937
남천리 산촌생태마을,1937701
남포관아문,129691
남포방조제,129441
남포읍성,129636
남포향교,1954480
남포향교 대성전,1626577
내포보부상촌,2657953
내포항,2758274
냉정지,2771918
냉천골,127314
네이처월드,2607214
노강서원(논산),1956315
노성궐리사,1626991
노성향교,1626500
노을길 (태안해변길5코스),2783143
녹도,127321
논산 노성산성,1626999
논산 딸기삼촌농장,880738
논산 선샤인스튜디오,2594478
논산 시민가족공원,2770311
논산 연산역 급수탑,946885
논산 탑정호 출렁다리,2714510
논산 황산벌참살이마을,802186
논산명재고택,231931
논산한옥마을,3033516
누리마루숲(카페 카프닉),2820068
느린호수길,2659551
느티골산림욕장,1928677
다라미자운영마을,801375
다사항,2746187
다울관광농원,3045996
닥실마을,2629905
단호박올리고마을,802241
달고개모시마을,605616
달산포해수욕장,2758237
당암포구,2758279
당진 백석올미마을,2013257
당진 삽교호,126847
당진 안국사지 석탑,125954
당진 영전황토마을,128261
당진 용천굴,2829793
당진 필경사,127337
당진관광정보센터,2734139
당진농업테마파크,2736671
당진면천읍성,125962
당진전력문화홍보관,252600
당진천 벚꽃길,3346977
당진항만관광공사 (삽교호 함상공원),127707
당진향교,1954488
대난지도,575404
대둔산도립공원(금산),128001
대둔산도립공원(논산),128002
대둔산자연휴양림,126963
대련사(예산),299985
대야도어촌체험휴양마을,3056826
대야도항,2758281
대조사(부여),129471
대천연안여객선터미널,2750345
대천오토캠핑장,125437
대천한내돌다리,129640
대천항,129637
대천항유람선,2783017
대천해수욕장,127866
대흥동헌,1166019
대흥슬로시티,1856774
대흥향교,1626788
덕바위농촌체험휴양마을,3036579
덕산 메타세쿼이아길,2782406
덕산도립공원,125815
덕산사(금산),126880
덕산싸이판대온천,3031321
덕산온천지구,125859
덕산향교,1627197
덕숭산,128701
덕암교,3067422
도강영당,1956320
도비 마루길,3045980
도비도항,2750341
도솔광장,3046257
도정딸기마을,128335
독대섬,129625
독산해수욕장(홀뫼해수욕장),129583
돈암서원 [유네스코 세계유산],125974
동곡서원,1956323
동백꽃마을,2380470
동월계곡,2736734
동자북마을 (동자북역사문화마을),1965356
동절사,1956327
동학사(공주),125893
동학사계곡,129558
동혈사,304692
두마신원재,1114207
두에기해변,2715693
두여 전망대,3034382
두여해수욕장,128893
두웅습지,2017041
둥구리 농촌체험휴양마을,2827405
뒷개한옥촌민박협의회,2820629
드르니항,2758283
딸기향농촌테마공원,3036593
띠섬목해변,2732545
레이저 태그 서바이벌,3079995
로보카폴리안전체험공원,2736733
롯데리조트부여 아쿠아가든,3036763
마검포항,2762859
마검포해수욕장,128904
마곡사 [유네스코 세계유산],125894
마곡사 천연송림욕장,126849
마량포구,2782229
마섬포구,2732176
마을여행사 청보리,2717598
마정저수지,2758517
만대어촌체험마을,2023330
만대항,2758288
만리포전망타워,2778544
만리포항,2753925
만리포해수욕장,125842
만세장터 봉사회,2717565
만수산자연휴양림,125424
만해 한용운선생 생가지,125931
말재 농원,3038621
맘맘스,3067458
망일사(서산),304800
매화둠벙마을,801460
맨삽지(학성리 공룡발자국화석),2661533
맷돌포선착장,2746222
머드광장,2750960
먼동해수욕장,2758238
메타세콰이어길,2736857
면천향교,1954651
명국삼장비,129571
명대골계곡,127630
명장섬해수욕장 (장고도),2783140
명종대왕태실및비,2615317
명탄서원,1956330
모덕사,128041
모원재,1114250
모월저수지,2761644
목애당,1626923
목천향교,1954653
몽대포구,129621
몽산리석가여래좌상,128907
몽산포항,2709592
몽산포해수욕장,125845
무궁화학습원(괴목정),1937770
무량사(부여),127676
무상사(계룡),128874
무진암(부여),304816
무창포어촌체험마을,129044
무창포항,2615566
무창포해수욕장,125841
문방저수지,2775636
문수사(서산),129122
문헌서원,125986
물총새공원,3046349
뭍닭섬 산책로,3351786
미나릿길벽화마을,2769780
미르섬,2732468
미암사,2758687
민어도,3351160
민어도선착장,2732540
바늘꽃피우다,2717594
바둑이네동물원,2758861
바라길 (태안해변길 1코스),2783144
바람아래해수욕장,128895
박문수묘,127626
반산서원,1956335
반야사(논산),2752549
밧개해수욕장,128901
방갈마을,129050
방포해수욕장,125843
배방산,3031303
백리포해수욕장,1626917
백마강,125874
백마강생활체육공원,3076525
백사장항,2407331
백사장해수욕장,128902
백운사(보령),309330
백제 오천결사대 충혼탑,129474
백제문화단지,1103949
백제오감체험관,2855106
백화산(태안),1532480
벌천포해수욕장,2660694
별똥별 하늘공원,3056855
별주부마을,2758202
병술만어촌체험마을,2758212
병암유원지,2770363
보덕사(예산),315944
보령 냉풍욕장,126711
보령 노을광장,915245
보령 무궁화수목원,2829019
보령 성주사지,125992
보령 천북굴단지,1892320
보령 충청수영성,125923
보령 해수욕장 관광특구,1957654
보령댐물빛공원(보령댐휴게공원),2750827
보령방조제,1938116
보령석탄박물관,2470406
보령성곽&보령관아문,129642
보령에너지월드(보령발전본부),2470410
보령향교,1627243
보령호,129440
보부상,2717563
보석사(금산),125888
봉곡사,126902
봉곡서원,1956338
봉서사(서천),317475
봉선저수지,2539574
봉수산자연휴양림&수목원,407267
부사방조제,129622
부산각서석,125940
부산서원,1956340
부석사(서산),125879
부여 가림성,129470
부여 군수리 사지,129519
부여 나성 [유네스코 세계유산],250259
부여 능안골 고분군,129469
부여 반교마을,2607171
부여 산직리지석묘,129475
부여 선샤인,2820659
부여 세탑리오층석탑,129476
부여 송국리 유적,129472
부여 수리바위,129477
부여 신암친환경마을,801231
부여 왕릉원 [유네스코 세계유산],125987
부여 정림사지 오층석탑 [유네스코 세계유산],126650
부여 청마산성,250258
부여금사리성당,2607146
부여기와마을,1938256
부여향교,1954655
분수광장,2750961
불당동 유적공원 (선사유적지 공원),2758500
불장골 저수지,3038456
비인 선도리 쌍도해안,1041580
비인해수욕장,2746185
비인향교,129460
사목해수욕장,1532423
사창해수욕장,2750952
삼길 나루길,3045880
삼길포항,129184
삼봉해수욕장,125846
삼선산수목원,2736675
삽교호놀이동산,2718545
삽교호바다공원,2736681
삽교호호수공원,2736684
삽시도,125844
상가리미륵불,250316
상점195,2698818
상화원,2606194
샛별해수욕장,128897
서광사(서산),318176
서대산,127518
서동공원과 궁남지,125984
서동요 테마파크,251994
서산 경주김씨 고택,129125
서산 꽃송아리마을,802725
서산 동문동 성당,3045912
서산 보원사지,125878
서산 용현리 마애여래삼존상,125991
서산 유기방가옥,917626
서산 해미읍성,125990
서산 해미읍성 회화나무,917225
서산 회포마을,128397
서산A지구방조제,1937809
서산B지구방조제,2783139
서산객사,917778
서산관아문 및 외동헌,129123
서산동문동 오층석탑 및 당간지주,125980
서산버드랜드,2037280
서산여미리석불입상,917567
서산향교,918571
서산향교은행나무,918608
서천 동백정,2513997
서천 마량리 동백나무 숲,126010
서천 성북리 오층석탑,125929
서천 이하복 고택,1055245
서천 치유의 숲,2720028
서천군 조류생태전시관,129461
서천송림갯벌체험장,2746237
서천식물예술원,1055310
서천이색체험마을,128332
서천향교,1954666
석대도,129613
석련사(홍성),318190
석문 국가산업단지 음악분수대,2736685
석문각,2736914
석문선착장,2736712
석성향교,1954674
석장리 계절별 꽃단지,3038643
선도리갯벌체험마을,129462
선림사(보령),318342
선샤인랜드,2606192
선장포노을공원,2753921
선촌항,2750945
선화당(공주),128115
설화산,126896
성거산,127201
성공사,126546
성내저수지,3034172
성불사(천안),125883
성삼문선생유허지,3079483
성성호수공원,2824534
성암서원,918009
성암저수지,2761505
성정공원,3046273
성주산일출전망대(성주산전망대),2760796
성주산자연휴양림,127382
세계꽃식물원,128111
세심사(아산),126903
세양사,1956351
소노벨 천안 오션어드벤처,1125614
소도,2608578
소랭이마을,2827450
소찬 협동조합,2725025
속동전망대,1937801
솔뫼성지,125969
솔향기길 4코스,3057083
송곡서원(서산),1956356
송덕암(서산),319687
송불암(논산),319692
송석마을(서천),128606
송석항,2753934
송악 오돌개마을,802320
송정그림마을,2607147
수덕사(예산),125896
수락계곡,125816
수룡항 포구,2771867
수륙양용버스투어,2790011
수리치골 성지,127238
수북로1945,2717585
수북정,125942
수심대,126877
수암산,3081008
숙모전,250297
순교성지 갈매못,127634
숭암저수지,2756168
숭의사,129618
숲속애 빛의 정원,3083593
쉰질바위,3083705
쉼이있는정원,3046071
스플라스 리솜,128732
승천사,2769781
시장저수지(시장지),2762886
신경섭 전통가옥,1627236
신두리해수욕장,128908
신두사구 쉼터공원(신두사구 생태공원),2758172
신리성지,2713411
신방공원,2762912
신성리 갈대밭,129457
신안사(금산),126864
신원사,125889
신정호관광지,125867
신정호생활체육공원(신정호공원),2771850
신정호유원지,3031271
신진도,125851
신진항,2753665
신창향교,1626710
신천탕,2751941
신평양조장 백련 양조문화원,2465889
신흑마을,129039
심연동계곡(성주계곡),129624
십이폭포(12폭포),3038429
쌀조개섬,3031315
쌍계사(논산),125904
쌍수정사적비,129572
아가새농장,2678988
아그로랜드 태신목장,129546
아라리오 조각광장,3351184
아름다운정원 화수목,2498883
아리랜드,128398
아미산(당진),2682988
아미산(부여),129614
아산 공세리성당,128127
아산 내이랑마을,128336
아산 대통령마을 [농촌전통테마],802358
아산 맹씨 행단(맹사성 고택),125925
아산 스파비스,127767
아산 영인산자연휴양림 숲속야영장,126899
아산 외암마을 건재고택,2822429
아산 외암마을 참판댁,1626699
아산 용궁댁,250436
아산 윤보선 대통령 생가,1627066
아산 이충무공 유허,250300
아산 이충무공묘,125944
아산 평촌리 석조약사여래입상,125924
아산 환경과학공원,2037326
아산그린타워,2771815
아산만방조제,2606913
아산시 생활자원처리장,2468938
아산시 온천 관광특구,1958051
아산향교,129664
아우내독립만세운동기념공원,2778533
아이러브팜핑,3038733
아인리석탑,126883
아일랜드 리솜 오아식스 선셋스파,127958
아홉 살이 관광,2820680
안면도,125850
안면도 미로공원,2515792
안면도수목원,2606922
안면도자연휴양림,125448
안면도쥬라기공원,2903317
안면암(태안),129663
안면해수욕장,128905
안섬포구,2746178
안제이가든,2894647
안회당과 여하정,125934
안흥나래교,3395058
안흥성,128909
안흥항,2407332
알프스마을,1977629
양곡사,3063323
양촌자연휴양림,2750930
어사리 노을공원,2678991
어슬티굿밤,2717604
어은돌항,2732520
어은돌해수욕장,128894
에덴힐스 힐링파크,2599681
에코힐링 황톳길,2606914
여민루,126981
여사울성지,2771833
역재방죽공원,3083611
연미산 자연미술공원,1170335
연산문화창고,3345606
연산역 (철도체험학습장),2554368
연산향교,1954679
연산향교 대성전,1626544
연포해수욕장,127591
염선재,1114200
염치저수지,2758507
영괴대,1627049
영남루(천안),126987
영랑사(당진),337519
영목항,128956
영목항 전망대,3065238
영수암(서천),337522
영은사(공주),129574
영인산,128129
영인석불,129677
영인신현리미륵불,250314
영탑사(당진),125898
예당관광지,128054
예당호 모노레일,3080441
예당호 조각공원,2514001
예당호 중앙생태공원,2709683
예당호 출렁다리(음악분수),2606199
예산 삽교읍 석조보살입상,3053601
예산 알토란사과마을,802962
예산 오추리 고택(정동호 가옥),1626780
예산 용궁리 백송,1627085
예산 임존성,125965
예산 화전리 석조사면불상,125935
예산 황새공원,2586628
예산사과와인 (은성농원),2468939
예산향교,1626794
오봉산해수욕장,2750440
오서산,126746
오천항,129639
오천향교,915305
옥마산,3022702
온빛자연휴양림,2752308
온양 온천 랜드,3046172
온양관광호텔 온천탕,2037031
온양온천지구,125856
온양이씨어필각,126874
온양향교,1954690
온주아문 및 동헌,1626763
옹도 등대,129131
왕대사(보령),129603
왕산포구,2736717
왕의영당,1956382
왜목마을,129064
왜목항,2736713
왜목해수욕장,2022541
외가집,2371510
외암민속마을,126001
외연도,125853
용강서원(금산),126872
용두해수욕장,129641
용무치항,2746221
용문서원,1956390
용봉사(홍성),346633
용봉산,125821
용봉산자연휴양림,125427
용봉산체험 정보화마을,710391
용신 어촌 체험 마을,3057132
용장천들,2662501
용현계곡,3036440
우도(서산),587045
우산성,125930
운여해변,2664196
웅도,577593
웅도어촌체험마을,2631832
웅비탑,129575
웅천돌문화공원,2615568
웅천체육공원,3045792
원산도,127136
원산도해수욕장,2750957
원산안면대교,3023065
원안해수욕장,2758242
월남 이상재선생 생가,125928
월랑저수지,2758512
월성위김한신묘,1627145
월영산 출렁다리,3036485
월하성어촌체험마을,128136
위례산과 위례성지,126779
유관순열사생가,2769773
유구벽화거리,2784730
유구색동수국정원,2736822
유구천핑크뮬리,2736665
유부도,577623
윤정사,2758437
은선폭포,125832
은진향교,1954698
은진향교 대성전,1626554
은포리해안도로,2616051
음봉 꾀꼴성마을,801430
음섬포구,2736714
음포해수욕장,2753660
의병승장비,126875
의열사(부여),1956393
의좋은형제공원,2751853
의항해수욕장,125840
이동녕선생 생가지,1627223
이심원충신정려현판,1114146
이안숲속,433027
이원반도,127414
이응로선생사적지(수덕여관),1936591
이인 벽화 마을,3038694
이종일선생생가지,1532218
이지함선생묘,129652
이충무공사적비,231918
이플아토,2717600
인취사(아산),128130
일락사(서산),348806
일루글루,2804497
임천향교,1954712
자온대,228852
작천계곡,127911
장고도,126819
장곡사(청양),125900
장곡사벚꽃길,2732601
장곰항,2758293
장돌해수욕장,128899
장삼포해수욕장,128922
장안해수욕장,129638
장항 도시탐험역과 장미철길,2719783
장항 스카이워크 (기벌포 해전 전망대),2014285
장항송림산림욕장 (장항 솔숲),1937012
장항항,2782234
저두항,2750504
적벽강(금산),126572
적벽강마을,2632750
전견훤묘(견훤왕릉),1627027
점핑고,3067572
정각사(부여),479730
정산향교,1627232
정순왕후생가,129126
정안천생태공원,2407328
정암사(홍성),479896
정혜사(청양),127313
제민천,2750146
조개부리마을,803048
조병옥박사 생가지,1626846
조양문,125956
조왕사(부여),479924
조팝꽃피는마을,2632998
조헌사당(표충사),126873
종학당,2782485
주니어천문스쿨 천안점,2763005
주벅배전망대,2736736
주산벚꽃로,2759134
죽도(보령),128069
죽도(홍성),126721
죽도관광지,2752004
죽림서원,1182337
죽사(서산),481760
중리어촌체험마을,1984839
중앙호수공원 (서산),3080122
중앙호수공원 카페거리,2615323
중장리농촌체험휴양마을,3036469
지산체육공원,3031297
지장정사(논산),575072
지중해마을,2606741
지천구곡,126560
직산향교,1626912
진산리어촌계,3034396
진산향교,126869
진악산,126811
참샘골 호박농원,128223
창강서원,1956396
창렬사,1956397
창리 선착장,2736424
채석포항,2762863
챌린지팜,2770339
천내강,126860
천년 미소길,3045951
천리포수목원,127820
천리포항,2758297
천리포해수욕장,125847
천마산,1114311
천방산(서천),129623
천북폐목장 청보리밭,2829486
천수만(철새도래지),127972
천안 노은정,126985
천안 두아람마을 [농촌전통테마],802420
천안 병천순대거리,699587
천안 봉선홍경사 갈기비,125939
천안 유관순 열사 유적,125926
천안 천흥사지 당간지주·오층석탑,125943
천안북면계곡,3067909
천안삼거리공원,126922
천안상록리조트,127812
천안상록리조트 아쿠아피아,128624
천안시민체육공원,3046296
천안아산역 동광장,2775622
천안어린이꿈누리터,3341251
천안향교,1626896
천안홍대용과학관,2718735
천장사(서산),482103
천장호,127563
천장호 출렁다리,1937712
천정대,125941
천호지(단대호수),1916338
철마산 3.1공원,3091177
청라 은행마을 (보령),2615570
청벽산,2755172
청산수목원,129601
청수호수공원,2762903
청양 다락골 줄무덤 성지,127312
청양 은골구기자마을,762817
청양 칠갑사니마을,2002459
"청양의 봄, 청춘",2717605
청양향교,1954740
청일사,1956403
청천호 둘레길,3022685
청포대해수욕장,125852
청풍사,126870
초전항,2751992
최영장군 사당,126642
최치원선생유적지,3091794
추사고택,125936
추사김정희선생고택·묘,1627167
추양사,3061112
춘장대해수욕장,126742
충곡서원,1626532
충남 서산빛들마을,802279
충령사,3091148
충의사 (매헌 윤봉길 의사 유적),125968
충청남도 안전체험관,2393927
충청수영해안경관전망대,3080119
충현서원,1626449
칠갑산 장승공원,127316
칠갑산도립공원,125819
칠갑산산꽃마을,770488
칠갑산자연휴양림,125428
칠갑산천문대 스타파크,778975
칠산서원,1956414
칠지공원,2732495
코끼리바위,2736730
코리아플라워파크,2718736
탑선리석탑,126884
탑정저수지,1626523
탑정호 수변생태공원,2719582
태고사,3382494
태국사(태안),129609
태안 노을지는갯마을,129352
태안 동문리 마애삼존불입상,250414
태안 볏가리마을,128137
태안 신두리 해안사구,128013
태안 안면도 모감주나무군락,128906
태안군 반려동물 놀이터,3112052
태안기업도시 버베나판타지(가든스퀘어),3330177
태안성당,2782427
태안해안국립공원,125818
태안향교,1626926
태을암(태안),482243
태조대왕 태실,126867
태조산 공원,3067406
태조산(태조봉),125820
태학산 치유의 숲,3065040
태학산자연휴양림,128917
통개 해수욕장,3034356
퇴수서원,1956420
파도리해수욕장,127864
파라다이스 스파 도고,631934
판교 시간이멈춘마을,2719782
팔괘정,1626487
팔봉산(서산),126586
팜카밀레,630806
평강뜰애,1911179
푸레기마을,1936359
풍세관광농원,2903287
피나클랜드 수목원,662268
하늘물빛정원,2022638
하림펫푸드 해피댄스스튜디오,3371784
하양꽃빛마을포레오협동조합,2996143
학림사(공주),2551130
학암포선착장,2753668
학암포해수욕장,127917
한국문화연수원,1966992
한국최초 성경전래지 기념관,129459
한민족역사문화공원,976387
한산소곡주 양조장,2465928
한산소곡주갤러리,2539566
한산향교,1626657
한진포구,2746205
한천저수지,2738732
할미할아비바위,2753672
합덕성당,2513974
합덕제,2718786
해미 국제 성지순례길,3045958
해미순교성지(여숫골),918805
해미향교,919364
해바라기올래정원,3034236
행담도,2758833
행림서원,1956423
향온,2821865
향천사(예산),125886
허브관광농원 차브민,128263
현대트랜시스,2465921
현충사,125945
호도,577571
호도 해변기암절벽,129626
호도해수욕장,126683
홍도마을,128388
홍산객사,1626645
홍산동헌,1626625
홍산향교,1626612
홍성 노은리 고택,3091065
홍성 속동갯벌마을,128255
홍성 신경리 마애여래입상,3047038
홍성 오관리 당간지주,125971
홍성 하누리마을,129310
홍성 한솔기마을,801484
홍성 홍주읍성,125959
홍성 홍주의사총,125993
홍성방조제,1937807
홍성상하리미륵불,250317
홍성솔바람테마파크,3300140
홍성호,2912719
홍예공원,2912698
홍원항,129458
홍주성 천년여행길,2678981
홍주아문,1627267
홍주의병기념탑,3081020
홍주천년기념탑,3079415
홍주향교,1954754
화암사(예산),487667
화암서원,129651
화장골계곡,125830
황금산,2736726
황금산몽돌해변,2736722
황도,2758231
황새권역마을,2828374
황새마을(서천),801301
황토권역 당나루물꽃마을,2827418
황포항,2758310
회변항,2751998
효암서원,1626472
효자도,127319
휴식 레스토랑,2725010
휴정서원,1956427
흑성산,2762931
흑성산성,1627205
흥주사(태안),488559
희안마을,801410
히흣 도예공방,128239
(주)다다컴퍼니,2996197
(주)보령은행빵,2996647
(주)손으로만드는수공예,2996133
JFK 대천 워터파크,129698
㈜같이삽시도,3019714
